{
	"defaultChannels": [
	  "ussr_public"
	],
	"ussr_public": {
	  "name": "USSR Broadcast Service",
	  "logo": "graphics/icons/intel/comms.png",
	  "icon": "graphics/icons/intel/comms.png",
	  "image": "graphics/factions/approlight.png",
	  "sound": "ui_channel_news",
	  "faction": "ussr",
	  "type": "News Report",
	  "shortType": "News"
	},
	"ussr_internal": {
	  "name": " USSR Intelligence",
	  "logo": "graphics/icons/intel/secure_comms.png",
	  "icon": "graphics/icons/intel/secure_comms.png",
	  "image": "graphics/factions/ussr.png",
	  "sound": "ui_channel_comm_secure",
	  "faction": "ussr",
	  "type": "Intelligence Report",
	  "shortType": "Intel"
	}
  }