name,id,tier,rarity,base value,range,damage/second,damage/shot,emp,impact,turn rate,OPs,ammo,ammo/sec,reload size,type,energy/shot,energy/second,chargeup,chargedown,burst size,burst delay,min spread,max spread,spread/shot,spread decay/sec,beam speed,proj speed,launch speed,flight time,proj hitpoints,autofireAccBonus,extraArcForAI,hints,tags,groupTag,tech/manufacturer,for weapon tooltip>>,primaryRoleStr,speedStr,trackingStr,turnRateStr,accuracyStr,customPrimary,customPrimaryHL,customAncillary,customAncillaryHL,noDPSInTooltip,number
2A38 Dual Pushka,uf_2A38,1,0.5,100,800,,40,,8,80,4,60,25,60,HIGH_EXPLOSIVE,2,,0,0.01,1,0,0,10,1,5,,800,,,,,,"DO_NOT_CONSERVE,PD_ONLY,ANTI_FTR",,,,,Anti Air,,,,,,,,,,
2K22 Tunguska,uf_2K22,1,0.5,300,800,,40,,8,80,8,60,25,60,HIGH_EXPLOSIVE,2,,0,0.01,1,0,0,10,1,5,,800,,,,,,"DO_NOT_CONSERVE,PD_ONLY,ANTI_FTR",,,,,Anti Air,,,,,,,,,,
9M311 Launcher,uf_9M311_launcher,1,,900,1800,,500,,25,10,7,30,0.1,,HIGH_EXPLOSIVE,0,,0,3,3,0.4,0,0,0,0,,500,100,20,10,,,"DO_NOT_AIM, CONSERVE_1","utility13, missile7, missile_bp, merc",,,,Long Range Support,Fast,Excellent,,,,,,,,this weapon shouldn't show up in game.
3S26U2 Missile Launcher(built-in),uf_3S26U2_launcher,3,0,1800,1800,,2000,,50,10,7,6,0.2,,HIGH_EXPLOSIVE,1,,1.5,1.5,6,0.4,0,0,0,0,,500,100,20,30,,,"DO_NOT_AIM, CONSERVE_1","utility13, missile7, missile_bp, merc",,,,Long Range Support,Fast,Excellent,,,,,,,,this weapon should only show up in 956's built-in weapon.
Navigation Light,uf_nav_light_956,,,,,,,,,,,,,,,,,,,,,,,,,,,,,,,,SYSTEM,,,,,,,,,,,,,,,45
